ID,Subject,Body,Label
1,"You won a cash prize","Congratulations! You have been selected for a $5000 reward. Click the link to claim your prize.","Spam"
2,"Team meeting reminder","Hello team, our weekly meeting will be held tomorrow at 10 AM. Please review the agenda.","Not Spam"
3,"Urgent account verification","Your account is suspended. Verify your information immediately to restore access.","Spam"
4,"Monthly report update","Please send your monthly report before the deadline. Thank you.","Not Spam"
5,"Free gift waiting","You have won a free gift. Submit your details to receive your reward.","Spam"
6,"Invoice attached","Your invoice for the recent purchase is attached. Please review it.","Not Spam"
7,"Exclusive money offer","Earn thousands from home with our guaranteed income program.","Spam"
8,"Project discussion","The project discussion is scheduled for Friday afternoon.","Not Spam"
9,"Lottery winner notification","You are the lucky winner of our international lottery. Claim now.","Spam"
10,"Password reset confirmation","Your password has been successfully updated.","Not Spam"
11,"Limited time discount","Get 90% off today only. Hurry and buy now.","Spam"
12,"Birthday invitation","You are invited to my birthday celebration this weekend.","Not Spam"
13,"Claim your bonus","Your bonus payment is ready. Click to receive it instantly.","Spam"
14,"Training schedule","Employee training starts next Monday at 9 AM.","Not Spam"
15,"Free cryptocurrency","Receive free cryptocurrency by registering today.","Spam"
16,"Document review","Please review the attached document and provide feedback.","Not Spam"
17,"Cash reward available","You have been selected for a special cash reward.","Spam"
18,"Holiday planning","Let's discuss our holiday plans tomorrow.","Not Spam"
19,"Get rich quickly","Make unlimited money without investment. Join now.","Spam"
20,"Payment confirmation","Your payment has been processed successfully.","Not Spam"
21,"Win a smartphone","You won a brand new smartphone. Claim your prize now.","Spam"
22,"Class assignment","Your assignment submission date is Friday.","Not Spam"
23,"Security warning","Your account has suspicious activity. Verify immediately.","Spam"
24,"Order shipped","Your order has been shipped and will arrive soon.","Not Spam"
25,"Free vacation package","Claim your free vacation package before it expires.","Spam"
26,"Interview schedule","Your job interview is confirmed for Tuesday.","Not Spam"
27,"Investment opportunity","Double your money with our guaranteed investment plan.","Spam"
28,"Company newsletter","Here are this month's company updates.","Not Spam"
29,"Instant cash offer","Get instant cash by clicking this link.","Spam"
30,"Meeting notes","Attached are the notes from today's meeting.","Not Spam"
31,"Cheap loan approval","Your instant loan has been approved. Apply now.","Spam"
32,"Welcome message","Welcome to our service. Thank you for registering.","Not Spam"
33,"Prize claim urgent","Your prize will expire today. Claim immediately.","Spam"
34,"Project deadline","The project deadline is next week.","Not Spam"
35,"Free shopping voucher","You received a free shopping voucher. Claim it now.","Spam"
36,"Bank statement","Your monthly bank statement is available online.","Not Spam"
37,"Winner announcement","You have won our special competition.","Spam"
38,"Appointment reminder","Your appointment is scheduled for tomorrow.","Not Spam"
39,"Online earning offer","Earn money online with no experience required.","Spam"
40,"Receipt available","Your digital receipt is ready.","Not Spam"
41,"Amazing promotion","Huge discounts available for limited time.","Spam"
42,"Family event","Please join us for dinner this Sunday.","Not Spam"
43,"Account closure warning","Your account will close unless you verify now.","Spam"
44,"Software update","A new software update is available.","Not Spam"
45,"Free trial reward","Activate your free reward account today.","Spam"
46,"Travel details","Your travel itinerary has been updated.","Not Spam"
47,"Secret investment plan","Learn the secret method to become rich.","Spam"
48,"Course registration","Your course registration is complete.","Not Spam"
49,"Bonus payment","Your bonus payment is waiting. Click now.","Spam"
50,"Weekly status report","Please share your weekly work status.","Not Spam"
51,"Cash giveaway","Participate and win free cash today.","Spam"
52,"Customer support reply","We have responded to your support request.","Not Spam"
53,"Act now offer","This special offer ends within one hour.","Spam"
54,"Event reminder","Reminder about tomorrow's event.","Not Spam"
55,"Fake security alert","Your account requires immediate verification.","Spam"
56,"Subscription renewal","Your subscription has been renewed.","Not Spam"
57,"Free money transfer","Receive free money instantly today.","Spam"
58,"Medical appointment","Your doctor appointment is confirmed.","Not Spam"
59,"Lottery claim form","Complete this form to receive lottery money.","Spam"
60,"Work schedule","Your work schedule has been updated.","Not Spam"
61,"Amazing deal","Buy now and save huge money.","Spam"
62,"School notice","School timing has changed tomorrow.","Not Spam"
63,"Reward notification","You have earned a special reward.","Spam"
64,"Delivery update","Your package delivery is scheduled.","Not Spam"
65,"Secret offer","Exclusive secret offer available now.","Spam"
66,"Payment receipt","Your payment receipt is attached.","Not Spam"
67,"Free membership","Activate your free membership today.","Spam"
68,"Company announcement","Important company announcement.","Not Spam"
69,"Prize message","Respond now to collect your prize.","Spam"
70,"Friend invitation","Let's meet this weekend.","Not Spam"
71,"Cheap product offer","Buy expensive products at very low prices.","Spam"
72,"Email verification","Your email verification is complete.","Not Spam"
73,"Money giveaway","Win free money by joining today.","Spam"
74,"Project approval","Your project has been approved.","Not Spam"
75,"Insurance claim","Submit details to receive your payment.","Spam"
76,"Invoice reminder","This is a reminder for your invoice.","Not Spam"
77,"Crypto profits","Guaranteed cryptocurrency profits available.","Spam"
78,"Class timetable","Your class timetable is attached.","Not Spam"
79,"Free coupon","Get your free coupon today.","Spam"
80,"Account notification","Your account activity report is ready.","Not Spam"
81,"Win cash now","Instant cash prize waiting for you.","Spam"
82,"Team appreciation","Thank you for your excellent work.","Not Spam"
83,"Special bonus","Claim your special bonus offer.","Spam"
84,"Meeting invitation","You are invited to the project meeting.","Not Spam"
85,"Online income scheme","Earn unlimited income online.","Spam"
86,"Service update","Our service has been updated.","Not Spam"
87,"Prize confirmation","Confirm your prize details now.","Spam"
88,"Order confirmation","Your order has been confirmed.","Not Spam"
89,"Free investment tips","Guaranteed returns available.","Spam"
90,"Account balance update","Your account balance report is ready.","Not Spam"
91,"Congratulations winner","You won a special reward.","Spam"
92,"Newsletter update","Thank you for subscribing.","Not Spam"
93,"Urgent payment request","Send money immediately to avoid problems.","Spam"
94,"Delivery confirmation","Your delivery has been completed.","Not Spam"
95,"Bonus reward","Collect your bonus reward today.","Spam"
96,"Password changed","Your password was changed successfully.","Not Spam"
97,"Exclusive money offer","Earn money fast with this opportunity.","Spam"
98,"Project completion","The project has been completed successfully.","Not Spam"
99,"Free electronics","Claim your free electronics gift.","Spam"
100,"Account statement","Your account statement is available.","Not Spam"
101,"You are a lucky winner","Congratulations! Your name has been selected for a cash reward. Claim now.","Spam"
102,"Daily work update","Please share today's work progress with the team.","Not Spam"
103,"Get free money today","Receive instant money without any effort. Register now.","Spam"
104,"Meeting confirmation","Your meeting has been confirmed for tomorrow at 11 AM.","Not Spam"
105,"Claim your free prize","You have won a special prize. Provide details to receive it.","Spam"
106,"Order delivery status","Your order is currently out for delivery.","Not Spam"
107,"Earn unlimited income","Make thousands every week from home. Join our program.","Spam"
108,"Employee policy update","The updated company policy document is attached.","Not Spam"
109,"Urgent lottery message","Your lottery reward is waiting. Respond immediately.","Spam"
110,"Project milestone reached","The project has completed its first milestone successfully.","Not Spam"
111,"Free shopping card","You have received a free shopping card. Claim today.","Spam"
112,"Bank transaction alert","A transaction was completed on your account.","Not Spam"
113,"Exclusive investment deal","Invest today and double your money quickly.","Spam"
114,"Class schedule change","Your class schedule has been updated.","Not Spam"
115,"Winner notification","You are selected as a winner of our promotion.","Spam"
116,"Service maintenance notice","Our service will be under maintenance tonight.","Not Spam"
117,"Cheap medicine offer","Buy medicines at extremely low prices now.","Spam"
118,"Document approval","Your submitted document has been approved.","Not Spam"
119,"Free reward points","Collect your free reward points before they expire.","Spam"
120,"Travel booking confirmation","Your hotel and travel booking is confirmed.","Not Spam"
121,"Important account warning","Your account will be blocked unless you verify now.","Spam"
122,"Payment received","We have received your payment successfully.","Not Spam"
123,"Instant loan offer","Get approved loans without checking documents.","Spam"
124,"Interview result","Your interview result is now available.","Not Spam"
125,"Win expensive gifts","You can win expensive gifts by clicking here.","Spam"
126,"Monthly newsletter","Here is the latest monthly newsletter.","Not Spam"
127,"Secret earning method","Discover a hidden way to earn money online.","Spam"
128,"Appointment details","Your appointment details are attached.","Not Spam"
129,"Claim free tickets","You have received free event tickets.","Spam"
130,"Account update notice","Your profile information has been updated.","Not Spam"
131,"Limited offer today","Huge savings available only today.","Spam"
132,"Project files shared","The requested project files have been shared.","Not Spam"
133,"Cash bonus alert","Your cash bonus is ready for withdrawal.","Spam"
134,"Password reminder","This is a reminder to update your password.","Not Spam"
135,"Crypto giveaway","Free cryptocurrency giveaway. Join now.","Spam"
136,"Office holiday notice","Office will remain closed on Friday.","Not Spam"
137,"Prize money transfer","Your prize money transfer is waiting.","Spam"
138,"Customer feedback request","Please share your feedback about our service.","Not Spam"
139,"Work from home offer","Earn thousands by working a few hours daily.","Spam"
140,"System update completed","Your system update was completed successfully.","Not Spam"
141,"Fake reward alert","You have been selected for a special reward.","Spam"
142,"Purchase confirmation","Your purchase has been confirmed.","Not Spam"
143,"Free internet offer","Get unlimited free internet access now.","Spam"
144,"Training completion","Your training has been completed successfully.","Not Spam"
145,"Urgent refund request","Claim your refund by entering your details.","Spam"
146,"Account security report","Your monthly security report is ready.","Not Spam"
147,"Win cash competition","Enter now to win a large cash amount.","Spam"
148,"Event registration","Your event registration is successful.","Not Spam"
149,"Money making secret","Learn how people make money quickly.","Spam"
150,"Invoice payment reminder","Your invoice payment is due next week.","Not Spam"
151,"Special bonus offer","Activate your special bonus immediately.","Spam"
152,"Team announcement","A new team announcement has been posted.","Not Spam"
153,"Free laptop giveaway","You have won a free laptop. Claim now.","Spam"
154,"Delivery tracking","Track your package using the provided details.","Not Spam"
155,"Online profit system","Guaranteed profits with our online system.","Spam"
156,"Report submission","Your report has been received.","Not Spam"
157,"Urgent verification needed","Confirm your identity to avoid account closure.","Spam"
158,"Service renewal notice","Your service renewal date is approaching.","Not Spam"
159,"Lucky draw winner","You won our lucky draw competition.","Spam"
160,"Payment reminder","Your scheduled payment reminder.","Not Spam"
161,"Cheap shopping deal","Amazing products at unbelievable prices.","Spam"
162,"Work meeting notes","Meeting notes are attached for review.","Not Spam"
163,"Free coupon code","Use this free coupon code today.","Spam"
164,"Profile update confirmation","Your profile was updated successfully.","Not Spam"
165,"Guaranteed income","Earn guaranteed income every month.","Spam"
166,"Subscription information","Your subscription details are available.","Not Spam"
167,"Claim your cashback","Your cashback reward is waiting.","Spam"
168,"Application received","Your application has been received.","Not Spam"
169,"Emergency money offer","Get emergency cash instantly.","Spam"
170,"Official announcement","Please read the official announcement.","Not Spam"
171,"Win a car","You have won a brand new car.","Spam"
172,"Invoice available","Your invoice is ready for download.","Not Spam"
173,"Free shopping reward","Receive your free shopping reward now.","Spam"
174,"Task completion update","Your assigned task is completed.","Not Spam"
175,"Investment miracle","Make huge returns with no risk.","Spam"
176,"Schedule reminder","Your schedule reminder has been set.","Not Spam"
177,"Claim bonus funds","Bonus funds are available now.","Spam"
178,"Account service update","Your account service has been updated.","Not Spam"
179,"Fake bank message","Verify your bank details immediately.","Spam"
180,"Newsletter subscription","Your newsletter subscription is active.","Not Spam"
181,"Special prize alert","Collect your special prize today.","Spam"
182,"Meeting rescheduled","Your meeting has been moved to Friday.","Not Spam"
183,"Free cash reward","Click to receive your free cash reward.","Spam"
184,"Order tracking","Your order tracking information is available.","Not Spam"
185,"Quick money scheme","Earn quick money with this secret plan.","Spam"
186,"Software license notice","Your software license has been renewed.","Not Spam"
187,"Claim your lottery","Your lottery claim is approved.","Spam"
188,"Feedback received","Thank you for your feedback.","Not Spam"
189,"Discount coupon","Get an exclusive discount coupon.","Spam"
190,"Project review","The project review is scheduled tomorrow.","Not Spam"
191,"Bonus winner","You are a bonus winner. Claim now.","Spam"
192,"Account report","Your account report is attached.","Not Spam"
193,"Free product offer","Get free products by registering.","Spam"
194,"Training reminder","Reminder for tomorrow's training session.","Not Spam"
195,"Urgent reward claim","Claim your reward before deadline.","Spam"
196,"Order invoice","Your order invoice is attached.","Not Spam"
197,"Money transfer offer","Receive a large money transfer today.","Spam"
198,"System notification","Your system notification is available.","Not Spam"
199,"Lucky prize","You have won a lucky prize.","Spam"
200,"Customer service update","Your service request has been updated.","Not Spam"
201,"Claim your reward now","You have been selected for a special reward. Click here to receive it.","Spam"
202,"Project status update","Please review the latest project status report.","Not Spam"
203,"Free cash giveaway","Join our giveaway and receive instant cash.","Spam"
204,"Appointment confirmation","Your appointment has been confirmed successfully.","Not Spam"
205,"Urgent security notice","Your account needs immediate verification. Act now.","Spam"
206,"Order delivery confirmation","Your order has been delivered successfully.","Not Spam"
207,"Win a luxury prize","You have won a luxury prize. Provide your details now.","Spam"
208,"Company meeting reminder","Reminder: Company meeting scheduled for Monday.","Not Spam"
209,"Earn money instantly","Make fast money with our easy online program.","Spam"
210,"Invoice payment received","Your invoice payment has been received.","Not Spam"
211,"Free bonus offer","Activate your free bonus before it expires.","Spam"
212,"Course completion certificate","Your course certificate is ready.","Not Spam"
213,"Lottery reward claim","Your lottery reward is waiting for confirmation.","Spam"
214,"Bank statement ready","Your monthly statement is now available.","Not Spam"
215,"Exclusive deal alert","Limited offer available. Purchase now.","Spam"
216,"Family event invitation","You are invited to our family event.","Not Spam"
217,"Instant loan approval","Your loan has been approved instantly.","Spam"
218,"Software update reminder","Please install the latest software update.","Not Spam"
219,"Cash prize winner","You are the winner of our cash prize.","Spam"
220,"Work schedule update","Your work schedule has been changed.","Not Spam"
221,"Free gift voucher","Claim your free shopping voucher today.","Spam"
222,"Customer support ticket","Your support ticket has been updated.","Not Spam"
223,"Investment opportunity","Guaranteed profit investment available now.","Spam"
224,"Meeting agenda","The meeting agenda is attached.","Not Spam"
225,"Account blocked warning","Your account will be blocked. Verify immediately.","Spam"
226,"Delivery status","Your package is on the way.","Not Spam"
227,"Crypto reward","Receive free crypto rewards instantly.","Spam"
228,"Password change alert","Your password was changed successfully.","Not Spam"
229,"Win free electronics","Get a free electronic product by registering.","Spam"
230,"Employee feedback","Please complete the employee feedback form.","Not Spam"
231,"Money transfer pending","Your money transfer is pending. Confirm details.","Spam"
232,"Order confirmation","Your order has been confirmed.","Not Spam"
233,"Special lottery offer","You have a chance to win a huge prize.","Spam"
234,"Project document","The project document is attached for review.","Not Spam"
235,"Free internet package","Activate your free internet package now.","Spam"
236,"Subscription update","Your subscription details have changed.","Not Spam"
237,"Urgent payment request","Send payment immediately to avoid penalty.","Spam"
238,"Training reminder","Your training session starts tomorrow.","Not Spam"
239,"Claim cashback bonus","Your cashback bonus is ready.","Spam"
240,"Monthly account report","Your account report is available.","Not Spam"
241,"Cheap insurance offer","Get insurance at very low prices.","Spam"
242,"Event confirmation","Your event registration is confirmed.","Not Spam"
243,"Winner announcement","Congratulations, you are selected as a winner.","Spam"
244,"Office announcement","Important office announcement attached.","Not Spam"
245,"Online earning program","Earn thousands from home without effort.","Spam"
246,"Payment receipt","Your payment receipt is attached.","Not Spam"
247,"Free vacation reward","Claim your free holiday package.","Spam"
248,"Application status","Your application status has been updated.","Not Spam"
249,"Secret investment plan","Make huge returns using our secret method.","Spam"
250,"Newsletter update","Here is your weekly newsletter.","Not Spam"
251,"Claim free tickets","Free tickets are waiting for you.","Spam"
252,"Service request update","Your service request is complete.","Not Spam"
253,"Prize confirmation required","Confirm your prize information now.","Spam"
254,"Account login notice","A login was detected on your account.","Not Spam"
255,"Get rich quickly","Become rich with this simple method.","Spam"
256,"Project approval notice","Your project request has been approved.","Not Spam"
257,"Bonus payment available","Collect your bonus payment today.","Spam"
258,"Class reminder","Your class starts at 9 AM tomorrow.","Not Spam"
259,"Fake refund notice","Claim your refund by sharing details.","Spam"
260,"Invoice reminder","Your invoice payment reminder.","Not Spam"
261,"Free mobile offer","Get a free mobile phone today.","Spam"
262,"Travel confirmation","Your travel booking is confirmed.","Not Spam"
263,"Urgent account alert","Verify your account to prevent closure.","Spam"
264,"Document received","We received your document successfully.","Not Spam"
265,"Lucky draw result","You won the lucky draw prize.","Spam"
266,"Meeting invitation","You are invited to the meeting.","Not Spam"
267,"Instant reward","Your instant reward is waiting.","Spam"
268,"Bank service update","Bank services have been updated.","Not Spam"
269,"Money making opportunity","Earn unlimited income online.","Spam"
270,"Order shipment notice","Your order has been shipped.","Not Spam"
271,"Free shopping deal","Claim your free shopping deal.","Spam"
272,"Employee notice","Please read the employee notice.","Not Spam"
273,"Claim your bonus money","Bonus money is available now.","Spam"
274,"Account verification complete","Your account verification is complete.","Not Spam"
275,"Fake competition winner","You have won a competition prize.","Spam"
276,"Report submission reminder","Reminder to submit your report.","Not Spam"
277,"Guaranteed returns","Invest now for guaranteed returns.","Spam"
278,"Software installation update","Software installation completed.","Not Spam"
279,"Cash reward message","Receive your cash reward today.","Spam"
280,"Order tracking update","Your package tracking has been updated.","Not Spam"
281,"Free membership offer","Activate your free membership.","Spam"
282,"Customer feedback request","Please provide your feedback.","Not Spam"
283,"Urgent lottery claim","Claim your lottery amount immediately.","Spam"
284,"Payment successful","Your payment was successful.","Not Spam"
285,"Secret bonus offer","Access your secret bonus now.","Spam"
286,"Project completion report","Project completion report attached.","Not Spam"
287,"Free coupon reward","Get your free coupon instantly.","Spam"
288,"Schedule update","Your schedule has been updated.","Not Spam"
289,"Fake bank verification","Verify your bank details now.","Spam"
290,"Newsletter available","Your newsletter is ready.","Not Spam"
291,"Win cash today","You can win cash today.","Spam"
292,"Service confirmation","Your service request is confirmed.","Not Spam"
293,"Special discount","Huge discount available now.","Spam"
294,"Meeting notes attached","Meeting notes are attached.","Not Spam"
295,"Prize money waiting","Your prize money is ready.","Spam"
296,"Account statement update","Your account statement is updated.","Not Spam"
297,"Free product claim","Claim your free product now.","Spam"
298,"Order delivery update","Your delivery information is updated.","Not Spam"
299,"Money offer alert","Get extra money instantly.","Spam"
300,"Work report reminder","Please submit your work report.","Not Spam"
301,"You are selected winner","Congratulations! You have been selected for a special cash reward. Claim immediately.","Spam"
302,"Weekly team update","Please share your weekly progress report with the team.","Not Spam"
303,"Free money opportunity","Earn thousands instantly without any investment. Register now.","Spam"
304,"Order delivery notice","Your order will be delivered tomorrow.","Not Spam"
305,"Urgent account action","Your account requires verification to avoid suspension.","Spam"
306,"Meeting schedule","The department meeting is scheduled for Wednesday.","Not Spam"
307,"Lottery jackpot winner","Your ticket has won a huge jackpot prize.","Spam"
308,"Payment confirmation","Your payment has been received successfully.","Not Spam"
309,"Claim your free reward","A free reward is waiting. Click to claim now.","Spam"
310,"Document approval update","Your submitted document has been approved.","Not Spam"
311,"Exclusive cash offer","Get instant cash rewards today only.","Spam"
312,"Training invitation","You are invited to attend employee training.","Not Spam"
313,"Fake security warning","Suspicious activity found. Verify your account now.","Spam"
314,"Invoice details","Your invoice details are attached.","Not Spam"
315,"Win a new car","You have won a brand new car. Contact us now.","Spam"
316,"Project progress update","The project progress report is ready.","Not Spam"
317,"Cheap loan available","Get quick loans without paperwork.","Spam"
318,"Subscription reminder","Your subscription renewal date is approaching.","Not Spam"
319,"Free cryptocurrency bonus","Receive free cryptocurrency by signing up.","Spam"
320,"Class announcement","Important class announcement for students.","Not Spam"
321,"Cashback reward","Your cashback reward is available. Claim today.","Spam"
322,"Customer support update","Your support request has been resolved.","Not Spam"
323,"Limited time offer","Buy now and receive huge discounts.","Spam"
324,"Travel booking details","Your travel booking information is attached.","Not Spam"
325,"Prize claim notice","You are eligible for a prize. Submit details now.","Spam"
326,"Account balance update","Your account balance has been updated.","Not Spam"
327,"Online income secret","Discover a secret way to earn money online.","Spam"
328,"Work meeting reminder","Reminder for tomorrow's work meeting.","Not Spam"
329,"Free gift card","You have received a free gift card.","Spam"
330,"Software update notice","A new software update is available.","Not Spam"
331,"Urgent refund claim","Claim your refund before the deadline.","Spam"
332,"Event registration confirmation","Your event registration is successful.","Not Spam"
333,"Money making system","Make guaranteed money using our system.","Spam"
334,"Bank notification","Your bank notification is available.","Not Spam"
335,"Special bonus winner","You have won a special bonus amount.","Spam"
336,"Appointment reminder","Your appointment is scheduled tomorrow.","Not Spam"
337,"Free shopping voucher","Get your free shopping voucher now.","Spam"
338,"Team project update","Project tasks have been updated.","Not Spam"
339,"Fake payment request","Send payment immediately to receive service.","Spam"
340,"Newsletter message","Your monthly newsletter is ready.","Not Spam"
341,"Instant prize reward","Your instant prize is waiting for you.","Spam"
342,"Order status update","Your order status has changed.","Not Spam"
343,"Guaranteed investment profit","Double your investment with our plan.","Spam"
344,"Password reset email","Your password reset request is complete.","Not Spam"
345,"Free vacation offer","You have won a free vacation package.","Spam"
346,"Company policy update","The latest company policy is attached.","Not Spam"
347,"Lottery confirmation","Confirm your lottery winning details.","Spam"
348,"Receipt confirmation","Your purchase receipt is available.","Not Spam"
349,"Earn money from home","Work few hours and earn thousands daily.","Spam"
350,"Meeting follow-up","Thank you for attending the meeting.","Not Spam"
351,"Claim bonus now","Your bonus funds are waiting.","Spam"
352,"Service maintenance alert","Service maintenance is planned tonight.","Not Spam"
353,"Winner reward message","Collect your winner reward immediately.","Spam"
354,"Delivery confirmation","Your package has been delivered.","Not Spam"
355,"Free mobile recharge","Get free mobile recharge instantly.","Spam"
356,"Employee notice","Please check the latest employee notice.","Not Spam"
357,"Account closure alert","Your account will close today. Verify now.","Spam"
358,"Course update","Your course information has been updated.","Not Spam"
359,"Special prize offer","You have a chance to win a special prize.","Spam"
360,"Invoice payment reminder","Reminder for your pending invoice.","Not Spam"
361,"Crypto earning plan","Earn guaranteed crypto profits.","Spam"
362,"Schedule confirmation","Your schedule has been confirmed.","Not Spam"
363,"Free product giveaway","Register to receive free products.","Spam"
364,"Application confirmation","Your application has been received.","Not Spam"
365,"Urgent verification","Verify your identity immediately.","Spam"
366,"Project report submission","Please submit your project report.","Not Spam"
367,"Cash prize alert","A cash prize has been assigned to you.","Spam"
368,"Account security update","Your security settings were updated.","Not Spam"
369,"Discount coupon offer","Get exclusive discount coupons.","Spam"
370,"Training completion notice","Your training completion is recorded.","Not Spam"
371,"Fake bank reward","You have earned a bank reward.","Spam"
372,"Order invoice available","Your order invoice is ready.","Not Spam"
373,"Free bonus points","Collect free bonus points now.","Spam"
374,"Meeting reminder","Reminder about tomorrow's meeting.","Not Spam"
375,"Investment opportunity","Earn high returns with zero risk.","Spam"
376,"Payment status update","Your payment status has changed.","Not Spam"
377,"Claim free tickets","Free tickets available for selected users.","Spam"
378,"Customer service reply","Our team replied to your request.","Not Spam"
379,"Quick cash loan","Get instant cash loan approval.","Spam"
380,"System update report","System update report is available.","Not Spam"
381,"Prize winner alert","You are the winner of today's prize.","Spam"
382,"Work schedule notice","Your work schedule is attached.","Not Spam"
383,"Free internet reward","Activate your free internet package.","Spam"
384,"Account information update","Your account information was updated.","Not Spam"
385,"Money transfer reward","Receive a large transfer reward.","Spam"
386,"Project deadline reminder","Project deadline is next Monday.","Not Spam"
387,"Secret discount code","Use this secret discount code now.","Spam"
388,"Service confirmation","Your service has been confirmed.","Not Spam"
389,"Lottery payment","Lottery payment is ready for collection.","Spam"
390,"Email verification notice","Your email has been verified.","Not Spam"
391,"Exclusive bonus","Exclusive bonus available today.","Spam"
392,"Report review request","Please review the attached report.","Not Spam"
393,"Free electronics prize","You won free electronics.","Spam"
394,"Order delivery tracking","Your tracking details are available.","Not Spam"
395,"Urgent cash transfer","Confirm details to receive cash.","Spam"
396,"Company announcement","Company announcement has been shared.","Not Spam"
397,"Online earning offer","Earn money easily from home.","Spam"
398,"Appointment update","Your appointment time has changed.","Not Spam"
399,"Reward claim reminder","Reminder to claim your reward.","Spam"
400,"Account statement notice","Your account statement is ready.","Not Spam"
401,"Congratulations prize winner","You have won a cash prize. Click now to receive your reward.","Spam"
402,"Project meeting update","The project meeting has been moved to Friday.","Not Spam"
403,"Free money reward","Claim your free money reward immediately.","Spam"
404,"Monthly invoice report","Your monthly invoice report is attached.","Not Spam"
405,"Urgent account warning","Your account will be disabled unless you verify now.","Spam"
406,"Team task update","The assigned team tasks have been updated.","Not Spam"
407,"Lottery jackpot claim","Your lottery jackpot is ready. Submit your details.","Spam"
408,"Order confirmation","Your order has been confirmed successfully.","Not Spam"
409,"Instant wealth program","Become rich quickly with our special program.","Spam"
410,"Password update notice","Your password update was successful.","Not Spam"
411,"Free gift card offer","Receive a free gift card by registering today.","Spam"
412,"Training schedule update","The training schedule has been updated.","Not Spam"
413,"Cash bonus available","Your cash bonus is waiting for approval.","Spam"
414,"Customer feedback request","Please share your experience with our service.","Not Spam"
415,"Exclusive investment offer","Guaranteed returns with our investment plan.","Spam"
416,"Delivery status update","Your package delivery status has changed.","Not Spam"
417,"Claim your reward points","Your reward points are ready to claim.","Spam"
418,"Company meeting notice","Company meeting will be held tomorrow.","Not Spam"
419,"Fake security alert","Your account has unusual activity. Verify immediately.","Spam"
420,"Payment received notice","Your payment has been received.","Not Spam"
421,"Free vacation winner","You have won a free holiday package.","Spam"
422,"Document submission reminder","Please submit the required document.","Not Spam"
423,"Earn unlimited cash","Make unlimited money with our online system.","Spam"
424,"Appointment confirmation","Your appointment has been confirmed.","Not Spam"
425,"Prize collection notice","Collect your prize before it expires.","Spam"
426,"Software update reminder","A software update is ready to install.","Not Spam"
427,"Urgent bank verification","Verify your bank details to unlock your account.","Spam"
428,"Newsletter delivery","Your subscribed newsletter has arrived.","Not Spam"
429,"Crypto giveaway event","Join our free cryptocurrency giveaway.","Spam"
430,"Project completion update","The project has been completed successfully.","Not Spam"
431,"Free product reward","Claim your free product today.","Spam"
432,"Invoice confirmation","Your invoice has been generated.","Not Spam"
433,"Quick earning method","Earn money quickly using this method.","Spam"
434,"Account notification","Your account notification is available.","Not Spam"
435,"Lucky draw winner","You have won our lucky draw competition.","Spam"
436,"Work report reminder","Please submit your weekly report.","Not Spam"
437,"Discount deal","Huge discount available for limited time.","Spam"
438,"Meeting follow up","Thank you for attending the meeting.","Not Spam"
439,"Money transfer request","Confirm your details to receive money.","Spam"
440,"Order shipment update","Your shipment has been dispatched.","Not Spam"
441,"Free subscription offer","Activate your free subscription now.","Spam"
442,"System maintenance notice","System maintenance is planned tonight.","Not Spam"
443,"Claim your bonus prize","Your bonus prize is available now.","Spam"
444,"Application update","Your application status has changed.","Not Spam"
445,"Secret money trick","Learn how to make money instantly.","Spam"
446,"Account service message","Your account service is active.","Not Spam"
447,"Fake refund offer","Claim your refund by clicking this link.","Spam"
448,"Payment receipt available","Your payment receipt is ready.","Not Spam"
449,"Win expensive reward","You are eligible for an expensive reward.","Spam"
450,"Class schedule reminder","Your class schedule is available.","Not Spam"
451,"Free cash coupon","Get your free cash coupon now.","Spam"
452,"Travel confirmation","Your travel booking is confirmed.","Not Spam"
453,"Urgent prize message","Respond quickly to receive your prize.","Spam"
454,"Customer support update","Your support case has been updated.","Not Spam"
455,"Online income offer","Earn money online with no investment.","Spam"
456,"Order delivery notice","Your order delivery date is confirmed.","Not Spam"
457,"Special lottery offer","Enter now for a chance to win.","Spam"
458,"Employee announcement","Important employee announcement attached.","Not Spam"
459,"Guaranteed profit scheme","Earn guaranteed profits every month.","Spam"
460,"Bank statement ready","Your bank statement is now available.","Not Spam"
461,"Free mobile gift","Claim your free mobile phone today.","Spam"
462,"Project document review","Please review the project document.","Not Spam"
463,"Bonus cash alert","Your bonus cash is ready.","Spam"
464,"Service update notice","Our service has been updated.","Not Spam"
465,"Fake account closure","Your account will be closed today.","Spam"
466,"Invoice payment update","Your invoice payment status is updated.","Not Spam"
467,"Prize money transfer","Receive your prize money immediately.","Spam"
468,"Meeting invitation","You are invited to the team meeting.","Not Spam"
469,"Cheap shopping offer","Buy products at unbelievable prices.","Spam"
470,"Order tracking information","Your tracking information is available.","Not Spam"
471,"Free reward activation","Activate your free reward account.","Spam"
472,"Training completion","Your training has been completed.","Not Spam"
473,"Investment secret formula","Become successful with our secret formula.","Spam"
474,"Account login alert","A new login was detected on your account.","Not Spam"
475,"Claim free electronics","You have won free electronics.","Spam"
476,"Report submission confirmation","Your report was submitted successfully.","Not Spam"
477,"Urgent payment warning","Pay immediately to avoid action.","Spam"
478,"Subscription renewal","Your subscription renewal is complete.","Not Spam"
479,"Cash giveaway event","Join our cash giveaway now.","Spam"
480,"Delivery confirmation","Your package has arrived.","Not Spam"
481,"Winner reward claim","Claim your winner reward today.","Spam"
482,"Office schedule","Office schedule has been updated.","Not Spam"
483,"Free coupon code","Your free coupon code is waiting.","Spam"
484,"Service request completed","Your service request is complete.","Not Spam"
485,"Fake lottery email","You won a lottery prize.","Spam"
486,"Account report available","Your account report is ready.","Not Spam"
487,"Online earning secret","Discover a secret earning opportunity.","Spam"
488,"Document approval","Your document has been approved.","Not Spam"
489,"Special cash offer","Get special cash rewards now.","Spam"
490,"Project update","The project update has been shared.","Not Spam"
491,"Free gift claim","Claim your free gift before expiry.","Spam"
492,"Payment confirmation","Your payment was successful.","Not Spam"
493,"Urgent reward alert","Your reward needs immediate action.","Spam"
494,"Newsletter update","Your newsletter has been delivered.","Not Spam"
495,"Crypto profit offer","Earn guaranteed crypto profits.","Spam"
496,"Meeting reminder","Reminder for tomorrow's meeting.","Not Spam"
497,"Prize notification","You have received a prize notification.","Spam"
498,"Account details update","Your account details have changed.","Not Spam"
499,"Money making opportunity","Earn huge income from home.","Spam"
500,"Customer service response","Your customer service request has been answered.","Not Spam"
501,"Claim your free reward","You have been selected for a special reward. Click to claim now.","Spam"
502,"Weekly project update","Please review the latest project progress report.","Not Spam"
503,"Instant cash prize","You have won instant cash. Submit details to receive payment.","Spam"
504,"Order shipment notice","Your order has been shipped successfully.","Not Spam"
505,"Urgent account warning","Your account access will be removed. Verify immediately.","Spam"
506,"Meeting reminder","Reminder for the team meeting tomorrow.","Not Spam"
507,"Lottery jackpot winner","Your lottery ticket won a huge amount.","Spam"
508,"Invoice received","Your invoice has been received and processed.","Not Spam"
509,"Free money opportunity","Earn thousands without investment. Join today.","Spam"
510,"Employee schedule","Your work schedule is available.","Not Spam"
511,"Exclusive prize offer","You are eligible for an exclusive prize.","Spam"
512,"Password update confirmation","Your password was updated successfully.","Not Spam"
513,"Fake security alert","Suspicious activity found. Confirm your identity now.","Spam"
514,"Customer support update","Your support ticket has been updated.","Not Spam"
515,"Win a new laptop","Congratulations! You won a laptop prize.","Spam"
516,"Training reminder","Employee training starts next Monday.","Not Spam"
517,"Crypto bonus offer","Get free cryptocurrency rewards instantly.","Spam"
518,"Payment confirmation","Your payment has been completed.","Not Spam"
519,"Secret income method","Make unlimited income using this trick.","Spam"
520,"Class schedule update","Your class schedule has changed.","Not Spam"
521,"Free shopping coupon","Receive your free shopping coupon today.","Spam"
522,"Project document review","Please check the attached project document.","Not Spam"
523,"Urgent refund claim","Claim your refund before the deadline.","Spam"
524,"Delivery confirmation","Your package has been delivered.","Not Spam"
525,"Lucky winner notification","You have won our lucky draw.","Spam"
526,"Account statement ready","Your monthly account statement is ready.","Not Spam"
527,"Quick loan approval","Your instant loan has been approved.","Spam"
528,"Company policy update","The latest company policy is attached.","Not Spam"
529,"Bonus cash available","Collect your bonus cash now.","Spam"
530,"Appointment details","Your appointment details are confirmed.","Not Spam"
531,"Free vacation reward","You won a free holiday package.","Spam"
532,"Newsletter update","Your newsletter is available.","Not Spam"
533,"Investment guarantee","Double your investment with no risk.","Spam"
534,"Order tracking details","Your order tracking information is ready.","Not Spam"
535,"Prize claim urgent","Respond now to receive your prize.","Spam"
536,"Bank service notice","Your banking service update is available.","Not Spam"
537,"Earn money online","Work from home and earn huge income.","Spam"
538,"Software update available","A new software version is available.","Not Spam"
539,"Cashback reward alert","Your cashback reward is waiting.","Spam"
540,"Meeting invitation","You are invited to the project meeting.","Not Spam"
541,"Free mobile offer","Get a free mobile phone today.","Spam"
542,"Invoice payment reminder","Your invoice payment reminder is attached.","Not Spam"
543,"Fake lottery email","Claim your lottery amount immediately.","Spam"
544,"Account profile update","Your profile information was updated.","Not Spam"
545,"Special bonus winner","You are selected for a special bonus.","Spam"
546,"Travel booking confirmation","Your travel booking is confirmed.","Not Spam"
547,"Money transfer reward","Receive a large money transfer now.","Spam"
548,"Work report request","Please submit your weekly work report.","Not Spam"
549,"Discount deal expires","Huge discount available for today only.","Spam"
550,"System maintenance notice","System maintenance is planned tonight.","Not Spam"
551,"Free gift card claim","Claim your free gift card now.","Spam"
552,"Payment receipt","Your payment receipt is attached.","Not Spam"
553,"Guaranteed profit plan","Earn guaranteed returns quickly.","Spam"
554,"Document approval notice","Your document has been approved.","Not Spam"
555,"Urgent prize message","Your prize will expire soon.","Spam"
556,"Order confirmation","Your order confirmation is complete.","Not Spam"
557,"Online earning offer","Earn money with our online program.","Spam"
558,"Account activity report","Your account report is available.","Not Spam"
559,"Free electronics giveaway","Get free electronics by registering.","Spam"
560,"Customer service response","We have replied to your request.","Not Spam"
561,"Fake bank verification","Verify your banking details immediately.","Spam"
562,"Project deadline reminder","Project deadline is next Friday.","Not Spam"
563,"Reward points offer","Claim your reward points now.","Spam"
564,"Subscription information","Your subscription details are ready.","Not Spam"
565,"Cash reward winner","You have won a cash reward.","Spam"
566,"Office announcement","Important office announcement shared.","Not Spam"
567,"Secret discount code","Use this secret discount code today.","Spam"
568,"Delivery status update","Your delivery status has changed.","Not Spam"
569,"Free membership activation","Activate your free membership.","Spam"
570,"Training completion notice","Your training has been completed.","Not Spam"
571,"Fake payment request","Send money to confirm your account.","Spam"
572,"Order invoice","Your order invoice is available.","Not Spam"
573,"Lottery claim form","Fill this form to receive winnings.","Spam"
574,"Project status report","Project status report attached.","Not Spam"
575,"Instant wealth offer","Become rich quickly with this method.","Spam"
576,"Account security update","Your security settings were updated.","Not Spam"
577,"Free coupon reward","Your free coupon is waiting.","Spam"
578,"Appointment reminder","Reminder for your upcoming appointment.","Not Spam"
579,"Crypto investment plan","Guaranteed crypto profits available.","Spam"
580,"Employee notice","Please read the employee notice.","Not Spam"
581,"Prize money transfer","Your prize money transfer is ready.","Spam"
582,"Service renewal notice","Your service renewal is complete.","Not Spam"
583,"Urgent cash request","Send payment immediately.","Spam"
584,"Report submission","Your report submission is confirmed.","Not Spam"
585,"Win free tickets","You have won free event tickets.","Spam"
586,"Newsletter subscription","Your subscription is active.","Not Spam"
587,"Money making secret","Discover a secret earning method.","Spam"
588,"Account notification","Your account notification is ready.","Not Spam"
589,"Free recharge offer","Get free mobile recharge instantly.","Spam"
590,"Project meeting notes","Meeting notes are attached.","Not Spam"
591,"Claim bonus funds","Your bonus funds are available.","Spam"
592,"Payment status update","Your payment status has changed.","Not Spam"
593,"Special lottery reward","Collect your lottery reward now.","Spam"
594,"Software license notice","Your software license is active.","Not Spam"
595,"Cheap product offer","Buy premium products at low prices.","Spam"
596,"Customer feedback request","Please provide your feedback.","Not Spam"
597,"Winner reward alert","You are a winner. Claim your reward.","Spam"
598,"Account balance update","Your account balance is updated.","Not Spam"
599,"Free cash giveaway","Join now and receive free cash.","Spam"
600,"Team announcement","A new team announcement is available.","Not Spam"
601,"Project planning meeting","The project planning meeting is scheduled for Monday.","Not Spam"
602,"Free cash reward","You have won cash. Click to claim your reward now.","Spam"
603,"Monthly report submission","Please submit your monthly report before Friday.","Not Spam"
604,"Invoice confirmation","Your invoice has been generated successfully.","Not Spam"
605,"Team lunch invitation","You are invited to the team lunch tomorrow.","Not Spam"
606,"Urgent account verification","Verify your account immediately to avoid closure.","Spam"
607,"Software update notice","A new software update is available.","Not Spam"
608,"Customer feedback request","Please share your feedback about our service.","Not Spam"
609,"Training schedule","Employee training starts next week.","Not Spam"
610,"Order delivery update","Your order will arrive tomorrow.","Not Spam"
611,"Lottery winner message","You have won a lottery prize. Claim now.","Spam"
612,"Meeting agenda","The meeting agenda is attached.","Not Spam"
613,"Bank statement available","Your monthly statement is ready.","Not Spam"
614,"Project document review","Please review the attached document.","Not Spam"
615,"Free gift offer","Claim your free gift by providing details.","Spam"
616,"Appointment reminder","Your appointment is scheduled tomorrow.","Not Spam"
617,"Password reset confirmation","Your password reset was completed.","Not Spam"
618,"Company announcement","Important company announcement shared.","Not Spam"
619,"Payment receipt","Your payment receipt is attached.","Not Spam"
620,"Class assignment reminder","Your assignment deadline is approaching.","Not Spam"
621,"Cash prize alert","You have received a cash prize notification.","Spam"
622,"Work schedule update","Your work schedule has been updated.","Not Spam"
623,"Travel booking confirmation","Your travel booking is confirmed.","Not Spam"
624,"Newsletter update","Your monthly newsletter is available.","Not Spam"
625,"Project completion report","The project completion report is ready.","Not Spam"
626,"Subscription renewal","Your subscription renewal is complete.","Not Spam"
627,"Instant loan offer","Get instant approval for a personal loan.","Spam"
628,"Order confirmation","Your order has been confirmed.","Not Spam"
629,"Employee feedback form","Please complete the feedback form.","Not Spam"
630,"System maintenance notice","System maintenance is planned tonight.","Not Spam"
631,"Fake security alert","Your account has suspicious activity. Verify now.","Spam"
632,"Invoice payment reminder","Your invoice payment is due soon.","Not Spam"
633,"Team meeting reminder","Reminder for tomorrow's team meeting.","Not Spam"
634,"Training completion certificate","Your certificate is ready.","Not Spam"
635,"Free coupon claim","Get your free coupon immediately.","Spam"
636,"Account profile update","Your profile information was updated.","Not Spam"
637,"Software license renewal","Your software license has been renewed.","Not Spam"
638,"Delivery tracking information","Your package tracking details are available.","Not Spam"
639,"Project status update","Latest project status is attached.","Not Spam"
640,"Customer support reply","Your support request has been answered.","Not Spam"
641,"Work from home offer","Earn thousands online without effort.","Spam"
642,"Payment confirmation","Your payment was processed successfully.","Not Spam"
643,"Office holiday notice","Office will remain closed tomorrow.","Not Spam"
644,"Document approval","Your submitted document was approved.","Not Spam"
645,"Meeting rescheduled","Your meeting time has changed.","Not Spam"
646,"Account activity report","Your account activity report is ready.","Not Spam"
647,"Prize notification","You are selected as a winner.","Spam"
648,"Class timetable","Your new class timetable is available.","Not Spam"
649,"Service update","Our service has been updated.","Not Spam"
650,"Order shipment notice","Your order has been shipped.","Not Spam"
651,"Project review meeting","Project review meeting details are shared.","Not Spam"
652,"Bank service update","Your banking service update is available.","Not Spam"
653,"Free vacation reward","Claim your free holiday package now.","Spam"
654,"Medical appointment reminder","Your appointment reminder is confirmed.","Not Spam"
655,"Company policy update","New company policy document attached.","Not Spam"
656,"Report approval","Your report has been approved.","Not Spam"
657,"Crypto investment offer","Guaranteed crypto profits available.","Spam"
658,"Account notification","Your account notification is available.","Not Spam"
659,"Invoice received","Your invoice has been received.","Not Spam"
660,"Meeting follow up","Thank you for attending the meeting.","Not Spam"
661,"Project deadline reminder","Project deadline is next Monday.","Not Spam"
662,"Customer order update","Your order details have changed.","Not Spam"
663,"Bonus reward claim","Claim your bonus reward today.","Spam"
664,"Training invitation","You are invited to employee training.","Not Spam"
665,"Password change alert","Your password was changed successfully.","Not Spam"
666,"Service request update","Your service request is complete.","Not Spam"
667,"Delivery confirmation","Your package has arrived.","Not Spam"
668,"Company newsletter","Latest company news is attached.","Not Spam"
669,"Free electronics giveaway","You won a free electronic item.","Spam"
670,"Account statement notice","Your account statement is ready.","Not Spam"
671,"Project files shared","Project files have been shared.","Not Spam"
672,"Appointment confirmation","Your appointment is confirmed.","Not Spam"
673,"Urgent refund request","Submit details to receive refund.","Spam"
674,"Work report reminder","Please submit your weekly report.","Not Spam"
675,"Payment status update","Your payment status is updated.","Not Spam"
676,"Event invitation","You are invited to the company event.","Not Spam"
677,"Order tracking update","Your order tracking is updated.","Not Spam"
678,"Document submission reminder","Please submit required documents.","Not Spam"
679,"Free membership offer","Activate your free membership now.","Spam"
680,"Software installation update","Installation completed successfully.","Not Spam"
681,"Monthly newsletter","Your monthly newsletter has arrived.","Not Spam"
682,"Account security report","Your security report is available.","Not Spam"
683,"Team performance review","Team performance review is scheduled.","Not Spam"
684,"Travel itinerary","Your travel itinerary is attached.","Not Spam"
685,"Money transfer request","Confirm details to receive money.","Spam"
686,"Invoice report","Invoice report is attached.","Not Spam"
687,"Customer service update","Your service ticket was updated.","Not Spam"
688,"Project milestone update","Project milestone has been reached.","Not Spam"
689,"School notice","School schedule has been updated.","Not Spam"
690,"Payment reminder","Reminder for upcoming payment.","Not Spam"
691,"Prize claim message","Claim your prize before expiry.","Spam"
692,"Office meeting notes","Meeting notes are attached.","Not Spam"
693,"Account login notice","A login was detected on your account.","Not Spam"
694,"Subscription information","Your subscription details are available.","Not Spam"
695,"Employee announcement","New employee announcement shared.","Not Spam"
696,"Order invoice","Your order invoice is ready.","Not Spam"
697,"Free cash giveaway","Receive free cash by joining now.","Spam"
698,"System notification","Your system notification is available.","Not Spam"
699,"Project update email","Project update has been shared.","Not Spam"
700,"Customer support confirmation","Your support request is confirmed.","Not Spam"